ハートピアスローライフ,2026/02/23,151297,66882,188,0
ハートピアスローライフ,2026/02/24,129132,21259,161,0
ハートピアスローライフ,2026/02/25,88983,32978,161,0
ハートピアスローライフ,2026/02/26,72609,21495,158,0
ハートピアスローライフ,2026/02/27,2069,1761,25,0
ハートピアスローライフ,2026/02/28,173135,87252,186,0
ハートピアスローライフ,2026/03/01,87906,10535,75,0
ハートピアスローライフ,2026/03/02,180003,70871,150,0
ハートピアスローライフ,2026/03/03,198490,78640,154,0
ハートピアスローライフ,2026/03/04,188379,67707,165,0
ハートピアスローライフ,2026/03/05,73789,27062,120,0
ハートピアスローライフ,2026/03/06,55309,15419,156,0
ハートピアスローライフ,2026/03/07,74785,13650,131,0
ハートピアスローライフ,2026/03/08,114255,13605,147,0
ハートピアスローライフ,2026/03/09,39278,5997,75,0
ハートピアスローライフ,2026/03/10,11028,11002,46,0
ハートピアスローライフ,2026/03/11,91899,14221,118,0
ハートピアスローライフ,2026/03/12,128223,12948,144,0
ハートピアスローライフ,2026/03/13,27100,13765,87,0
ハートピアスローライフ,2026/03/14,178955,14587,137,0
ハートピアスローライフ,2026/03/15,68118,12756,118,0
ハートピアスローライフ,2026/03/16,85087,13919,109,0
ハートピアスローライフ,2026/03/17,169213,14532,120,0
ハートピアスローライフ,2026/03/18,72166,13053,127,0
ハートピアスローライフ,2026/03/19,92406,10757,96,0
ハートピアスローライフ,2026/03/20,7527,4786,25,0
ハートピアスローライフ,2026/03/21,5282,4196,25,0
ハートピアスローライフ,2026/03/22,99918,16092,161,0
ハートピアスローライフ,2026/03/23,95397,14767,144,0
ハートピアスローライフ,2026/03/24,94155,13249,132,0
ハートピアスローライフ,2026/03/25,116946,19643,131,0
ハートピアスローライフ,2026/03/26,5081,3722,25,0
ハートピアスローライフ,2026/03/27,61858,10894,131,0
ハートピアスローライフ,2026/03/28,5333,4253,25,0
ハートピアスローライフ,2026/03/29,63880,11278,145,0
ハートピアスローライフ,2026/03/30,159030,12926,121,0
ハートピアスローライフ,2026/03/31,369573,10632,117,0
ハートピアスローライフ,2026/04/01,61130,10843,99,0
ハートピアスローライフ,2026/04/02,117405,8465,105,0
ハートピアスローライフ,2026/04/03,741922,14248,111,0
ハートピアスローライフ,2026/04/05,83950,12379,143,0
ハートピアスローライフ,2026/04/06,68782,19009,110,0
ハートピアスローライフ,2026/04/07,35121,9242,101,0
ハートピアスローライフ,2026/04/08,103388,12950,104,0
ハートピアスローライフ,2026/04/09,58245,11071,99,0
ハートピアスローライフ,2026/04/10,44281,12646,117,0
ハートピアスローライフ,2026/04/11,70121,11657,106,0
ハートピアスローライフ,2026/04/12,144723,115722,119,0
ハートピアスローライフ,2026/04/13,54942,9784,80,0
ハートピアスローライフ,2026/04/14,43302,11981,104,0
ハートピアスローライフ,2026/04/15,105640,10803,111,0
ハートピアスローライフ,2026/04/16,44247,10294,82,0
ハートピアスローライフ,2026/04/17,64037,9850,89,0
ハートピアスローライフ,2026/04/18,75554,15346,93,0
ハートピアスローライフ,2026/04/19,38325,9916,93,0
ハートピアスローライフ,2026/04/20,28014,9787,84,0
ハートピアスローライフ,2026/04/21,63357,14167,96,0
ハートピアスローライフ,2026/04/22,50413,10745,96,0
ハートピアスローライフ,2026/04/23,62658,14297,79,0
ハートピアスローライフ,2026/04/24,47507,7127,85,0
ハートピアスローライフ,2026/04/25,113996,18235,74,0
ハートピアスローライフ,2026/04/26,59919,10686,90,0
ハートピアスローライフ,2026/04/27,43862,7899,72,0
ハートピアスローライフ,2026/04/28,62818,29771,76,0
ハートピアスローライフ,2026/04/29,49142,8511,78,0
ハートピアスローライフ,2026/04/30,140209,13195,92,0
ハートピアスローライフ,2026/05/01,76155,10672,108,0
ハートピアスローライフ,2026/05/02,102371,10974,94,0
ハートピアスローライフ,2026/05/03,104723,9811,97,0
ハートピアスローライフ,2026/05/04,74447,15399,84,0
ハートピアスローライフ,2026/05/05,78126,9185,90,0
ハートピアスローライフ,2026/05/06,34560,7986,68,0
ハートピアスローライフ,2026/05/07,64334,7461,76,0
ハートピアスローライフ,2026/05/08,71893,25657,99,0
ハートピアスローライフ,2026/05/09,89741,12010,106,0
ハートピアスローライフ,2026/05/10,68729,11692,100,0
ハートピアスローライフ,2026/05/11,43028,14761,82,0
ハートピアスローライフ,2026/05/12,63578,24338,90,0
ハートピアスローライフ,2026/05/13,68736,8907,78,0
ハートピアスローライフ,2026/05/14,44744,5870,66,0
ハートピアスローライフ,2026/05/15,41885,6596,75,0
ハートピアスローライフ,2026/05/16,76413,8651,90,0